event_id,timestamp,event_type,severity,message,asset_id
1,2025-06-23T20:47:28,privilege_escalation,5,Exactly quite discuss owner require education end Mrs behind carry recently.,3
2,2025-06-21T12:55:58,login,1,Question action ability she try fly focus next discuss.,26
3,2025-07-10T13:10:20,network_connection,3,His decade campaign really customer week special material artist three.,19
4,2025-07-07T21:39:43,network_connection,3,Blood indicate break policy lay require thought.,27
5,2025-06-26T18:13:49,process_start,4,Look force answer seat remain reduce camera product miss pretty.,50
6,2025-06-24T02:58:04,privilege_escalation,3,Area news sell social expect.,33
7,2025-06-29T05:22:28,process_start,4,Officer cell think these week.,36
8,2025-06-17T14:07:33,privilege_escalation,3,Up each can well left owner key performance environment turn during.,46
9,2025-06-19T17:56:32,file_access,3,Discussion seat effort nice.,32
10,2025-06-28T06:49:34,network_connection,5,Cell speak white line turn smile.,15
11,2025-07-01T13:55:29,file_access,2,Art I wife partner free success seem.,40
12,2025-06-23T08:19:51,login,4,Near else bad and push actually next consumer style again weight.,18
13,2025-07-12T10:35:52,file_access,1,Why himself score wall mention ago business later personal watch.,17
14,2025-06-30T16:47:22,privilege_escalation,2,See ask site anyone issue along factor other would memory.,13
15,2025-07-03T07:33:40,file_access,1,Ahead order manage something myself my sea year watch.,44
16,2025-07-01T10:14:50,file_access,3,Eight kitchen nor near work wall.,16
17,2025-07-06T18:29:14,process_start,4,But chair arrive sure evening speech human enjoy article course.,12
18,2025-06-20T10:58:27,file_access,3,Fish piece green over upon manager television country Mr yeah.,46
19,2025-07-09T02:31:50,login,2,People significant smile husband commercial section sea heavy prevent ok.,42
20,2025-07-08T06:06:39,network_connection,5,Strong early develop total herself never specific east child as.,13
21,2025-06-30T15:51:24,privilege_escalation,5,Painting family set own probably nothing reality production occur range.,6
22,2025-06-21T19:26:55,privilege_escalation,4,Soon successful nature common drive great.,40
23,2025-06-26T11:46:35,file_access,2,Body news say none kind.,49
24,2025-06-29T19:42:47,process_start,5,Issue social understand actually new fast boy participant actually apply.,20
25,2025-06-26T14:24:15,file_access,1,Alone employee need us field future still good resource me yourself.,24
26,2025-06-14T14:46:53,privilege_escalation,5,Time really father indeed newspaper you fast.,35
27,2025-06-20T07:27:57,process_start,2,Fill six his report wear all.,24
28,2025-07-09T08:54:44,file_access,3,Threat popular present continue store including shake quality this also.,21
29,2025-06-17T03:06:19,process_start,3,Money crime ever benefit reason.,36
30,2025-06-20T06:23:56,login,2,Note coach west different better or them international.,45
31,2025-06-16T06:54:31,privilege_escalation,5,Time choose child likely minute within bill analysis individual high.,23
32,2025-06-24T05:31:22,file_access,2,Mind state structure election.,35
33,2025-06-29T16:22:42,file_access,3,Create recent item know amount weight unit student.,46
34,2025-06-30T08:05:27,privilege_escalation,4,Call later example bit.,5
35,2025-06-24T13:44:58,privilege_escalation,3,Official begin action buy leader themselves take would support.,27
36,2025-06-22T13:25:56,network_connection,4,Position hotel institution stay a knowledge describe what.,15
37,2025-06-17T10:55:32,login,5,Necessary size civil record size book likely everyone everything.,33
38,2025-06-23T04:01:55,process_start,5,Real before range skill measure ever paper change account.,4
39,2025-07-07T02:59:41,login,5,Institution loss nice again mouth.,9
40,2025-07-01T04:27:22,privilege_escalation,4,Nothing skill do check deal such time.,48
41,2025-07-08T04:23:52,file_access,2,Past two back thousand the upon its happy.,17
42,2025-06-20T07:31:07,login,1,Task medical machine hard color read rather statement give.,13
43,2025-07-10T01:34:36,login,3,Movement positive wish project focus.,33
44,2025-06-21T08:05:47,network_connection,5,Hospital bring young themselves be agent find human seek agent.,43
45,2025-07-13T02:57:45,process_start,3,Reflect measure company great actually.,47
46,2025-06-30T01:40:51,process_start,5,Want science foreign real skin scene party fund soldier agency.,5
47,2025-06-28T05:43:54,process_start,1,Five month others soldier interest.,12
48,2025-07-06T14:00:36,login,4,Night surface forward thank buy rate it service fly expect.,11
49,2025-07-10T22:46:34,file_access,4,Catch customer political information under.,30
50,2025-07-11T09:11:43,privilege_escalation,1,Structure between movie appear past the level.,12
51,2025-07-10T00:49:04,process_start,3,Political in stuff ground end page blue person.,2
52,2025-06-26T12:44:24,file_access,5,Get seem year team draw interview college.,44
53,2025-06-16T03:05:21,network_connection,4,On present dinner peace cover.,36
54,2025-06-19T01:54:25,network_connection,3,Fund main others late well kitchen travel story bad wait.,48
55,2025-06-18T10:00:39,process_start,1,Not bank reflect thousand miss bag turn.,44
56,2025-06-22T12:39:13,privilege_escalation,4,Gas sit game project half much meet.,39
57,2025-06-14T02:01:22,login,1,Between exist support southern issue.,2
58,2025-06-28T16:39:59,network_connection,5,Develop establish probably edge.,47
59,2025-06-17T17:16:36,file_access,3,Rule would tell sometimes somebody do door per month such.,31
60,2025-06-23T14:58:42,file_access,3,Group surface great three bank amount consider look.,34
61,2025-06-13T13:47:51,process_start,3,Degree trouble coach avoid.,46
62,2025-06-16T19:28:09,privilege_escalation,4,Well vote full ready life dog relate.,50
63,2025-07-12T02:16:58,network_connection,3,Reach window rather among task.,25
64,2025-06-29T06:02:17,network_connection,3,Can magazine work situation picture continue like agency special name.,44
65,2025-07-10T10:24:54,privilege_escalation,1,Hour issue floor care drive accept dream run.,4
66,2025-06-30T20:59:31,privilege_escalation,4,Safe economy rather nature general whatever step newspaper garden receive.,38
67,2025-06-21T19:38:41,privilege_escalation,1,Develop democratic yourself involve instead financial eye control others see.,31
68,2025-07-11T22:05:44,file_access,4,Bit water method find system senior.,11
69,2025-06-14T06:37:58,file_access,2,Over choice list buy leave minute.,14
70,2025-07-12T14:46:31,login,2,Scene chance same music push record business interest hear social.,34
71,2025-06-19T15:48:56,login,5,Possible hour name source address.,39
72,2025-07-12T01:27:12,process_start,3,Range public paper lead company economy new him everything.,49
73,2025-07-12T11:48:09,process_start,1,Follow part statement south play PM next high series.,33
74,2025-06-28T15:44:21,file_access,3,Grow employee cost media result rather participant.,32
75,2025-06-22T08:52:18,login,3,Result everybody seek find population writer eight.,1
76,2025-06-29T16:31:01,process_start,1,Compare customer citizen teacher cause teach.,43
77,2025-06-13T16:54:55,login,2,Later safe economic mention indeed bed.,16
78,2025-06-17T14:00:20,file_access,3,Response serious piece note class American card Mrs.,11
79,2025-07-08T17:14:47,file_access,4,Until situation head building senior school age also generation national.,33
80,2025-07-04T17:21:54,process_start,4,Record like miss up discover.,49
81,2025-06-24T05:39:00,process_start,1,Range air security provide perform friend hair listen seven.,33
82,2025-07-13T09:08:50,network_connection,1,Former brother candidate else environment require appear around.,20
83,2025-06-18T23:51:57,file_access,3,Spend write power several easy three.,20
84,2025-07-07T18:16:23,file_access,5,Range focus control stock offer her dinner specific.,47
85,2025-06-22T19:17:35,process_start,2,Might ago be just reach certainly.,15
86,2025-07-08T00:53:19,process_start,1,Figure safe increase community reflect.,50
87,2025-07-10T00:45:12,process_start,3,Full customer safe bring break opportunity project share ready data.,3
88,2025-07-06T19:44:56,login,2,Out according step to of.,4
89,2025-06-24T18:44:50,login,3,Outside when fund employee home.,14
90,2025-07-12T11:59:37,process_start,2,Agree office career ready ball issue question.,50
91,2025-07-07T14:27:40,login,4,Eye yes second student executive shoulder forward play general.,42
92,2025-06-20T04:00:08,process_start,5,Respond plant late value way design.,33
93,2025-07-09T15:12:03,process_start,1,Until body good information including baby.,13
94,2025-06-20T18:24:38,file_access,3,Business industry compare improve discuss professional hotel writer like bag.,6
95,2025-07-04T18:11:22,privilege_escalation,2,Chair fill note share avoid spring even table.,20
96,2025-06-24T19:48:57,file_access,2,Recognize give hand own laugh him commercial sport between.,50
97,2025-06-18T17:41:55,network_connection,2,Born star himself international argue baby.,4
98,2025-06-21T13:12:39,file_access,4,Trial role specific various trade edge car them research.,29
99,2025-07-02T20:55:05,file_access,5,Likely career continue house customer since keep.,20
100,2025-07-12T18:55:44,privilege_escalation,1,Nothing industry trouble with.,39
101,2025-06-30T07:05:40,login,2,Kitchen fear develop manager successful since fall ability push.,7
102,2025-06-17T14:50:58,file_access,1,Spend but remember a within into beat cause fine season.,13
103,2025-06-15T16:23:48,process_start,5,Today which civil forward particular hundred he live investment.,25
104,2025-06-29T05:08:18,privilege_escalation,5,Debate cut most character animal discuss off body.,33
105,2025-07-10T11:39:49,file_access,5,Nothing former front group before risk push what although.,46
106,2025-07-02T21:23:39,file_access,1,Keep power international join real myself often partner true question.,34
107,2025-06-18T10:41:38,file_access,4,Let religious serious right hour travel.,12
108,2025-06-20T02:36:45,login,5,Space natural life control hard.,30
109,2025-06-16T18:43:07,process_start,1,Risk just society Congress hour ahead shake.,33
110,2025-06-13T18:44:36,process_start,1,Now despite wide always again American race number station.,22
111,2025-06-26T08:34:20,privilege_escalation,1,Age level responsibility Mrs security bag.,37
112,2025-06-17T19:43:21,process_start,3,Serious information hotel relate artist history heart.,29
113,2025-06-28T22:54:01,process_start,2,Middle picture page protect enough night moment join.,22
114,2025-06-19T23:09:31,privilege_escalation,1,Staff hair pretty ok bring put writer smile.,46
115,2025-06-26T22:28:38,process_start,4,Rest parent lead not leader his.,6
116,2025-06-17T06:51:10,login,3,Official behavior soon need number individual either.,8
117,2025-06-17T13:43:55,file_access,1,White long commercial study beyond security rest black manager.,46
118,2025-07-09T20:44:59,login,4,Less staff special at need particularly.,30
119,2025-07-08T20:56:35,process_start,1,Member simply policy economy last soon.,32
120,2025-06-15T21:31:19,login,1,That dark race true behind.,31
121,2025-06-22T05:12:58,login,5,Vote product itself prove fire carry ground television bed property.,13
122,2025-07-09T00:55:13,login,2,Factor prevent choice wait force professor couple high assume pass.,35
123,2025-07-12T22:42:44,process_start,5,Course huge agree ball laugh page politics foot I natural.,35
124,2025-07-01T05:10:34,file_access,2,Investment both clearly movement offer step.,24
125,2025-07-10T06:40:37,privilege_escalation,2,Site film realize just positive light.,46
126,2025-06-22T08:59:41,process_start,3,Student drive interesting money no which.,47
127,2025-07-09T19:31:54,network_connection,1,Wish doctor approach watch yard focus person.,2
128,2025-07-09T03:47:09,file_access,1,Take he positive white ago likely sea deal effort challenge body.,29
129,2025-07-03T14:01:06,process_start,2,Country wonder low action arm.,12
130,2025-06-23T19:31:03,process_start,2,Race out big decade single protect prevent.,50
131,2025-06-15T15:07:21,network_connection,1,Anything day none small store teacher than think charge.,38
132,2025-07-01T23:05:03,process_start,1,Attorney main sure just six.,44
133,2025-07-03T21:09:20,process_start,5,Marriage own company century question goal machine hotel.,27
134,2025-07-10T08:23:32,process_start,2,Side our us ground father.,21
135,2025-07-11T15:37:10,file_access,5,Close rule space claim edge since little growth.,25
136,2025-07-03T05:40:46,login,1,Political prevent ready beat toward subject.,41
137,2025-06-15T05:36:09,file_access,4,Treatment use help just minute say may win hold.,7
138,2025-07-02T14:24:42,process_start,4,Person live agree official significant yourself.,40
139,2025-06-13T14:31:15,process_start,1,Ground audience pretty all garden affect policy president writer set.,48
140,2025-06-28T19:28:11,privilege_escalation,5,Agent sister describe dinner including commercial prove between occur process.,4
141,2025-06-17T02:04:15,process_start,5,Fire degree soon visit option if.,27
142,2025-07-01T10:03:13,login,4,Course statement organization only.,29
143,2025-07-07T11:48:38,file_access,4,Onto read rate operation out camera population true star.,14
144,2025-07-12T10:26:43,network_connection,2,Race pressure until land measure goal film idea hit condition.,17
145,2025-06-27T02:46:16,network_connection,2,While hotel project class current type common.,24
146,2025-07-11T23:24:47,process_start,2,Executive loss voice tonight buy.,29
147,2025-06-21T08:29:54,network_connection,5,Politics conference once national.,42
148,2025-06-30T03:55:19,network_connection,2,Stand act movie part son expect establish general media seven.,18
149,2025-06-14T02:00:56,file_access,1,Field two create about table join.,24
150,2025-07-02T22:04:33,file_access,3,Try worker say land talk himself idea far behavior.,27
151,2025-07-10T09:06:52,network_connection,4,Wonder body face mention shoulder country lot themselves watch.,6
152,2025-06-26T20:52:16,privilege_escalation,5,Always student important lead audience.,20
153,2025-06-20T11:14:20,file_access,2,Adult deal watch environment stop by.,10
154,2025-06-25T19:14:21,file_access,1,Old would assume yeah without.,7
155,2025-07-10T15:26:45,network_connection,4,Water they serve provide cut.,26
156,2025-07-03T08:27:47,file_access,1,Sometimes out theory account nice cut policy that particularly.,21
157,2025-06-27T16:52:00,file_access,4,Either across citizen site increase player study.,23
158,2025-07-10T18:25:05,process_start,2,Police speak treatment nation ever however language example can charge.,45
159,2025-06-22T10:33:04,privilege_escalation,2,Eight form happy include drop cell energy attorney low.,50
160,2025-07-03T07:28:52,privilege_escalation,4,Trial front social value amount.,27
161,2025-07-10T06:30:11,file_access,3,Sell serious wear see president.,9
162,2025-06-13T18:17:00,privilege_escalation,3,Truth card and discuss green put degree.,46
163,2025-07-11T01:33:05,privilege_escalation,5,Decade current pay age accept community better fish change deep data.,20
164,2025-07-09T11:53:20,privilege_escalation,2,Southern best maybe old guess benefit job mission area.,10
165,2025-06-13T17:50:48,process_start,2,Family hot manager factor pattern child.,15
166,2025-06-19T01:33:52,privilege_escalation,1,Knowledge always smile past have nice both risk.,43
167,2025-06-28T02:14:55,login,2,Special three who value two quickly minute grow.,37
168,2025-07-06T18:17:07,network_connection,1,Other protect success arrive describe.,49
169,2025-07-10T01:02:15,process_start,2,Whatever game state big arrive blue see blue community.,45
170,2025-06-29T03:00:49,privilege_escalation,4,Check meeting edge building information either.,18
171,2025-07-06T08:39:23,login,4,On life activity over sure.,16
172,2025-07-13T08:42:58,file_access,2,Security hold difference help single international like.,25
173,2025-07-12T16:23:04,login,3,Bit will large company letter low particularly power.,34
174,2025-06-15T18:29:44,login,3,Capital instead use business bar career follow different though camera.,7
175,2025-07-13T07:20:23,privilege_escalation,1,Church American need side kitchen vote spend between.,23
176,2025-07-06T14:24:49,process_start,2,Site present television word outside officer third.,23
177,2025-06-15T10:52:22,process_start,5,Course car rock purpose mention red war agreement win.,12
178,2025-07-10T03:04:13,privilege_escalation,1,Happen drive right sing mean feel tough every left cold.,21
179,2025-07-01T04:28:07,network_connection,1,Fly course cause fight difference country our southern.,17
180,2025-07-04T09:13:31,file_access,3,Role election share expect pretty.,45
181,2025-06-17T23:10:56,privilege_escalation,3,Technology gas today western later.,20
182,2025-07-12T18:36:19,privilege_escalation,5,Avoid stay bank prove radio whether during worker star tough.,23
183,2025-07-03T04:42:59,login,4,Scientist case party PM practice.,24
184,2025-07-11T16:08:52,privilege_escalation,2,Child any majority worry candidate people she everything.,1
185,2025-06-17T03:57:41,privilege_escalation,5,Exist everything check father know enjoy protect discuss by available society.,40
186,2025-06-30T13:35:02,login,3,She tree hair meet after hour trial court.,45
187,2025-07-10T02:55:48,privilege_escalation,4,Whom figure by fund fear follow represent hand wait.,36
188,2025-07-07T00:13:07,process_start,3,Learn student doctor practice general push line interesting television young.,28
189,2025-07-01T22:56:29,login,4,Show save traditional father couple attention.,41
190,2025-06-20T14:12:06,login,4,Control describe person rule word write opportunity.,42
191,2025-07-07T06:35:13,privilege_escalation,5,Story particular always response state.,37
192,2025-06-13T13:26:57,privilege_escalation,4,Or politics quickly fight serve fast.,40
193,2025-07-11T06:19:14,login,4,Right citizen south public then floor coach summer high industry.,24
194,2025-06-17T00:23:06,privilege_escalation,3,Moment policy particular father up.,39
195,2025-06-25T06:54:26,process_start,3,Live act which probably trial first floor.,45
196,2025-06-19T12:26:40,network_connection,4,Trade foot class those cause already force right three stop during.,37
197,2025-06-19T10:44:51,process_start,2,East thought debate artist leg call together task network impact.,33
198,2025-06-26T13:04:03,privilege_escalation,5,Behavior leader heavy nation road matter lawyer cost trial.,4
199,2025-07-09T01:23:30,file_access,1,Word do response no policy door while recently stage tree.,21
200,2025-06-22T02:13:50,file_access,5,Interview still east machine civil.,2
201,2025-06-24T00:18:31,privilege_escalation,3,Deal finally page without glass range quickly career.,20
202,2025-06-24T13:04:06,file_access,5,Theory card some energy school.,3
203,2025-07-09T05:27:23,process_start,4,Political book reach car shake company question especially executive community.,7
204,2025-07-09T00:26:45,login,1,Store reach receive billion general billion kitchen type factor.,49
205,2025-07-04T09:13:54,privilege_escalation,1,Trade father all within speak question mind discover significant maybe.,24
206,2025-07-06T04:11:01,process_start,1,Whose run possible memory try pressure significant try garden chair.,30
207,2025-06-18T04:32:28,login,2,Image available price sense check positive world stop often all.,40
208,2025-06-15T03:14:54,login,4,National science lot someone Republican.,39
209,2025-06-20T03:16:50,file_access,2,Above after only cover society key tree smile.,39
210,2025-06-19T19:02:32,file_access,2,Side soldier four short others whose project.,26
211,2025-07-13T10:46:41,file_access,5,Government play next picture above seem.,35
212,2025-07-06T04:01:50,privilege_escalation,2,Shoulder sister provide anything so.,38
213,2025-06-23T11:31:03,privilege_escalation,1,Customer part raise evening green surface north.,28
214,2025-07-06T11:32:25,privilege_escalation,3,Rule challenge paper culture sometimes kind growth.,7
215,2025-06-16T02:18:58,file_access,5,Myself send part economic.,22
216,2025-07-10T17:24:24,network_connection,5,These speech all standard usually already condition maybe understand consider.,5
217,2025-06-23T23:08:02,privilege_escalation,4,Push few hear feel dog turn agency develop.,37
218,2025-07-07T04:03:01,network_connection,2,Plan seven ask lose level.,38
219,2025-06-14T09:02:10,network_connection,3,Arrive hope check energy movement college one case participant remember.,39
220,2025-06-28T01:20:20,file_access,5,Mention push person partner until.,43
221,2025-06-14T21:03:42,network_connection,1,Easy wife although artist through few education street weight sing.,26
222,2025-07-13T00:04:34,login,5,Result cut drop white piece institution Mr north during approach.,27
223,2025-06-30T18:09:19,process_start,5,Become site follow Mrs little during great anyone.,49
224,2025-07-05T02:33:22,privilege_escalation,4,Worry leave ahead else last.,48
225,2025-06-19T00:55:51,process_start,5,Media recently these school kitchen under from see degree who.,32
226,2025-07-03T09:46:53,file_access,2,Wall attorney customer her son.,33
227,2025-06-28T17:30:58,privilege_escalation,3,Customer sell party child other bed candidate lay number.,3
228,2025-06-17T22:41:46,privilege_escalation,2,Sit use marriage run civil.,11
229,2025-06-19T06:05:39,process_start,5,Cover few inside under poor cup.,29
230,2025-06-18T05:04:36,login,2,Trip audience may material you baby sense capital talk amount.,47
231,2025-07-02T01:02:39,login,3,Surface measure interest carry nation fight close tree development section.,19
232,2025-06-23T02:17:47,process_start,4,My forward small hot consider party sound than week.,30
233,2025-06-24T19:59:37,privilege_escalation,5,Mission lay health buy director hope air environment.,38
234,2025-06-20T02:14:19,privilege_escalation,4,Democrat figure phone throughout professor.,48
235,2025-06-15T10:49:38,login,4,My point age degree should cold artist.,3
236,2025-06-16T23:59:02,login,2,Scientist tonight public relationship enough until continue position laugh.,34
237,2025-07-02T04:25:11,login,1,Early deal media carry near enter week help him.,25
238,2025-06-22T12:04:24,network_connection,3,Water oil check reveal save affect.,8
239,2025-06-22T11:16:07,login,3,Often require opportunity article dinner risk detail other green site.,37
240,2025-06-15T16:39:55,login,3,Detail reduce rich three.,33
241,2025-06-30T03:31:02,network_connection,3,Ability ago contain indeed window catch evidence what worry.,18
242,2025-07-13T01:45:48,process_start,4,Response call whose scene.,47
243,2025-07-08T14:14:38,network_connection,1,Sell chance happy hear attention sometimes about place find sport community.,12
244,2025-06-15T07:11:37,privilege_escalation,4,Space help determine last mind fact pretty point.,21
245,2025-06-23T12:58:06,privilege_escalation,2,Part data daughter feel employee fill east stock.,16
246,2025-06-21T23:56:51,network_connection,1,Family scene of just third send word goal.,40
247,2025-07-13T12:04:12,privilege_escalation,1,Live point assume seven energy.,25
248,2025-06-21T13:47:40,login,3,Space store special table week executive increase pull artist population agreement.,37
249,2025-06-28T10:21:01,login,3,Key nature choose executive in.,2
250,2025-06-15T08:07:47,network_connection,4,Good election little green check authority reason seven economy doctor.,32
251,2025-07-09T11:37:10,privilege_escalation,3,Artist little wall PM themselves mean and author before.,12
252,2025-06-16T18:05:29,privilege_escalation,5,Mission PM media accept same article degree.,30
253,2025-06-27T23:41:12,login,1,Protect your though part activity middle line.,9
254,2025-07-11T11:25:20,login,4,Individual hour day rate decade herself major sort.,3
255,2025-07-12T06:31:33,process_start,2,Five ground town community where.,3
256,2025-07-10T00:04:15,login,2,Job happen ready mother blood purpose.,50
257,2025-06-26T05:07:46,privilege_escalation,5,Stand two public single seven stay public responsibility investment onto class.,40
258,2025-06-14T10:48:46,privilege_escalation,4,Bag hand involve check agent economy sport turn space sing.,5
259,2025-07-03T21:47:49,network_connection,1,May money evidence network girl fire attention scene.,34
260,2025-06-27T09:52:40,process_start,1,Fact leg lead thank wear size able including reflect.,46
261,2025-06-23T04:35:05,process_start,1,Doctor hand picture realize prepare go politics view.,18
262,2025-06-28T01:32:59,process_start,1,House true edge budget analysis thank study house tell.,7
263,2025-07-09T04:36:35,privilege_escalation,2,View wrong animal between challenge us enjoy military.,19
264,2025-06-18T10:05:41,process_start,2,Star follow order build level success second enter.,37
265,2025-06-16T09:05:46,network_connection,4,Reveal poor guess see step once a always bring.,16
266,2025-06-26T18:48:21,privilege_escalation,2,Particularly little move Mr full skin day product.,16
267,2025-06-16T02:19:36,file_access,5,Agent member while affect order.,23
268,2025-06-22T17:39:28,login,4,Chance possible ago it house spring mind.,31
269,2025-06-24T21:26:39,network_connection,3,North newspaper high have cell.,5
270,2025-06-21T07:05:00,file_access,3,That parent medical their player use.,40
271,2025-06-19T00:37:39,file_access,3,Agency friend wish technology black case in success behind.,32
272,2025-06-24T00:20:18,network_connection,3,Institution step contain cost her certainly difference remember reduce recognize.,50
273,2025-06-15T05:35:22,privilege_escalation,4,Deal skin task audience town hand.,16
274,2025-07-03T22:42:54,process_start,4,Relationship painting admit increase medical evidence phone few.,18
275,2025-07-10T07:48:07,network_connection,4,Front third move girl six measure she present.,6
276,2025-06-14T19:04:05,privilege_escalation,3,Nothing call that same everyone.,48
277,2025-07-03T17:45:03,file_access,1,Follow sense rather focus popular prepare evening TV fine happen.,41
278,2025-06-14T13:01:08,network_connection,5,Those cause lose what man reach him common.,5
279,2025-06-29T15:10:58,login,5,Whole really admit bad lot expert treat successful never actually once.,46
280,2025-06-24T04:30:05,process_start,5,Suddenly alone explain born south suffer.,1
281,2025-07-12T11:53:54,process_start,2,Government free west hospital tonight recognize.,37
282,2025-06-26T09:34:06,network_connection,2,Be four glass interesting live at wish myself.,6
283,2025-06-16T00:05:34,file_access,3,Mother present also model little responsibility own.,13
284,2025-07-05T06:19:06,network_connection,3,Stage music I resource worry remember meet probably.,33
285,2025-06-19T15:37:29,login,5,Wide let cost far management produce he series necessary father.,18
286,2025-06-18T13:37:18,file_access,3,Difficult compare south generation shoulder turn impact.,2
287,2025-06-21T10:24:39,login,1,Gas street media film author pass expect take nature analysis.,2
288,2025-07-09T16:40:27,process_start,2,Generation yard unit day window week note amount.,40
289,2025-06-13T18:03:22,network_connection,3,Sing this argue under data me art.,38
290,2025-07-07T15:46:03,file_access,4,Light hundred machine black author onto offer draw wear.,44
291,2025-06-24T13:00:11,file_access,5,Structure many matter similar program coach certain them address late.,48
292,2025-07-03T06:14:16,file_access,4,Director authority score real.,4
293,2025-07-01T04:48:51,file_access,2,Understand huge hold marriage mouth political their left.,36
294,2025-07-08T05:45:58,process_start,3,Contain PM situation between home maybe.,3
295,2025-07-11T07:35:31,network_connection,5,Easy value watch debate another great bar appear.,47
296,2025-07-01T02:58:04,privilege_escalation,5,Item detail let over often indeed when sea wide cold open.,23
297,2025-07-07T19:25:25,network_connection,4,Race first fire space hard experience.,35
298,2025-07-07T14:46:10,privilege_escalation,4,Group economy population court cut share.,48
299,2025-06-20T01:53:00,privilege_escalation,3,Thousand different save provide book focus.,39
300,2025-07-06T06:01:34,privilege_escalation,1,Only make long evening single pass section recent.,42
301,2025-06-29T06:21:24,login,1,Meeting center put nearly anyone.,39
302,2025-07-13T09:43:06,login,5,Evidence table recent traditional art fish or now.,40
303,2025-07-08T04:09:46,file_access,2,Season if special century administration goal.,14
304,2025-07-05T06:41:53,privilege_escalation,4,Consider girl might husband president.,11
305,2025-06-21T23:32:54,network_connection,2,Gas view subject article worker.,11
306,2025-07-03T03:15:52,network_connection,4,Ground often Congress check.,27
307,2025-06-28T22:46:46,process_start,1,Last candidate task see live wish add agree.,24
308,2025-07-07T04:46:53,login,5,Kind common they Mrs.,42
309,2025-07-02T04:02:01,login,2,Design plant firm car our pattern fund after line begin.,8
310,2025-06-29T15:50:48,process_start,4,Side list guy evidence financial begin third base sport for.,29
311,2025-06-25T16:48:11,login,3,Meeting debate ready card food but position.,18
312,2025-06-18T03:20:05,file_access,1,According data language call suddenly detail.,19
313,2025-07-12T14:02:12,file_access,4,Level simply rather raise half fund reach cold according sister.,41
314,2025-07-04T00:34:10,privilege_escalation,2,Box hot themselves question especially.,49
315,2025-07-02T04:30:49,file_access,4,Over word knowledge those performance happy size family.,6
316,2025-06-29T22:08:40,privilege_escalation,4,State mother you point along yeah window significant five crime.,14
317,2025-07-06T15:16:32,login,4,Shoulder down tough store then.,50
318,2025-07-12T02:22:16,login,5,Power like data describe party fire opportunity street.,47
319,2025-06-18T11:05:18,file_access,3,Maybe forget nature final employee.,36
320,2025-06-22T05:36:59,network_connection,1,Him partner population forget assume to hospital item to state.,26
321,2025-06-18T15:52:13,file_access,2,Strong cell will kid write writer population age how.,30
322,2025-07-05T09:19:59,process_start,1,Military town baby reduce party marriage just house foreign ever.,28
323,2025-06-19T15:05:08,privilege_escalation,3,Buy ago manage year coach.,3
324,2025-07-04T15:26:12,file_access,5,Never however section quite audience speak outside worry major early.,38
325,2025-06-24T01:46:33,process_start,4,More describe so hair.,4
326,2025-06-28T13:21:57,login,4,Inside the budget management because movement voice Democrat.,17
327,2025-07-09T07:40:58,login,3,Interesting space subject physical throughout along sit together activity.,26
328,2025-06-21T18:01:33,file_access,1,Heart instead region threat lose base simply.,21
329,2025-06-30T11:10:17,process_start,5,Realize surface staff tell college thank decade state.,38
330,2025-07-04T21:37:18,file_access,4,Soon job beat those them.,31
331,2025-06-19T04:22:53,process_start,1,Congress score water attack scene.,42
332,2025-06-20T03:06:47,privilege_escalation,5,Despite specific kind company bit fear price character practice.,23
333,2025-06-26T23:16:30,file_access,4,Money finish policy garden series thank stock parent.,24
334,2025-07-10T00:25:44,privilege_escalation,2,From represent century throw late issue.,40
335,2025-06-19T08:13:19,network_connection,4,Too level suffer animal month clear then fish give decade will.,42
336,2025-06-26T18:37:37,login,5,Then thank effort husband whose.,44
337,2025-07-11T22:00:31,file_access,2,House every paper television international fund bank hundred.,10
338,2025-06-24T05:04:18,file_access,1,Soldier about west different gas.,49
339,2025-06-21T11:07:00,file_access,4,Treatment effort actually all report child cover.,27
340,2025-06-16T06:43:44,file_access,4,American economy identify truth sport citizen news.,22
341,2025-06-19T07:13:08,privilege_escalation,4,Report drive eat training case behind those federal dog.,28
342,2025-07-12T07:37:43,file_access,2,Officer arm crime clearly interesting image any ground project fall.,41
343,2025-07-12T03:15:27,login,5,Beat state data base loss central model old easy PM policy.,50
344,2025-07-03T20:51:20,process_start,5,Any development pick smile page military sport yourself business.,43
345,2025-07-01T08:48:38,file_access,4,Let person consider assume life so laugh.,36
346,2025-06-18T11:04:02,file_access,3,Hope development knowledge use argue chance.,41
347,2025-07-09T22:14:59,login,2,Sound discuss week improve health so.,20
348,2025-07-04T12:42:04,file_access,3,Building food once program decide tonight say join light chair perform.,46
349,2025-06-18T14:34:32,process_start,1,That view consider food suggest she.,42
350,2025-07-12T01:23:20,login,5,Old key parent site agency.,4
351,2025-06-23T07:18:54,privilege_escalation,4,Stay stage hope billion turn task budget rather simple.,9
352,2025-07-06T04:03:44,privilege_escalation,2,Two simple thing rich view tell.,7
353,2025-06-13T19:17:30,privilege_escalation,5,Rather building together force show.,23
354,2025-06-22T04:01:11,network_connection,3,On early their budget season glass society hope health dark catch.,17
355,2025-07-09T22:13:48,network_connection,4,Top set show near wall win among statement finish Congress.,34
356,2025-06-18T06:21:36,network_connection,4,How born help industry traditional season care way.,18
357,2025-07-05T10:32:59,file_access,2,Citizen herself way front rather place industry put.,45
358,2025-07-09T15:30:43,login,4,Too happy however ten hospital idea green.,50
359,2025-06-16T21:29:39,login,4,Find decade build fact reduce stuff woman green.,13
360,2025-07-05T09:28:32,privilege_escalation,4,Here meeting most man act.,15
361,2025-07-11T06:39:51,privilege_escalation,4,Be situation practice hospital rock full past nation instead.,35
362,2025-07-04T06:50:25,process_start,1,Indicate outside perform full such hotel light.,17
363,2025-07-12T21:36:25,process_start,1,However become often student trial statement mind.,23
364,2025-07-11T01:03:12,privilege_escalation,2,American enjoy rise pick run heavy someone certain page mission.,45
365,2025-06-29T18:24:39,login,1,Girl choose today back large reach school pay.,5
366,2025-07-10T22:35:28,privilege_escalation,2,Stage over rule purpose give even magazine modern.,40
367,2025-06-14T14:39:43,login,3,Million environment buy give force community six capital lawyer market.,50
368,2025-07-02T00:34:00,file_access,4,Without every blood scene nor.,11
369,2025-06-24T20:42:43,privilege_escalation,1,As environment example decide cut me.,4
370,2025-06-16T03:33:47,network_connection,5,Degree training realize appear understand if continue pay action each however.,10
371,2025-06-22T05:55:35,file_access,5,Possible ground member energy fall each when.,15
372,2025-07-10T21:17:40,network_connection,5,Activity those bag artist structure site gun thank certainly.,26
373,2025-07-02T03:25:12,login,3,Tree move pay more maintain his thousand fall child.,39
374,2025-06-20T03:56:09,process_start,5,Law year or hot floor commercial national value page score.,33
375,2025-06-30T23:19:38,process_start,3,Space enjoy matter data trip page four none quality pick.,49
376,2025-06-17T05:10:18,network_connection,3,Eat piece field own central employee race contain.,32
377,2025-07-08T08:05:12,process_start,3,Make national with soldier open.,22
378,2025-06-13T20:10:25,file_access,5,Talk reduce among take success go.,31
379,2025-06-17T08:29:21,login,2,Rest Mrs range outside month.,26
380,2025-07-03T07:17:33,privilege_escalation,5,Today actually health rock interview scene.,26
381,2025-06-22T18:03:38,network_connection,3,Else board relationship pattern red together.,2
382,2025-07-07T17:22:58,process_start,2,Million sometimes before world spend door design.,47
383,2025-06-27T09:18:44,login,3,Police student whole student.,37
384,2025-07-11T13:37:51,login,2,Draw cut like join trip over radio.,39
385,2025-07-08T14:41:48,process_start,3,Policy movie goal same.,3
386,2025-06-16T23:43:11,login,5,Across create young doctor environmental culture half after walk sense.,33
387,2025-07-13T01:07:37,login,3,Who war state become reach easy always.,31
388,2025-07-02T02:46:36,process_start,2,Behavior Mrs difference ago speech threat leave.,49
389,2025-07-10T22:43:53,login,4,Factor able edge unit seat beat share kid.,6
390,2025-06-18T23:09:52,file_access,1,Environment author coach ever effort push.,46
391,2025-06-25T03:38:52,process_start,2,Nice different including be local back develop.,25
392,2025-07-02T17:19:26,privilege_escalation,4,Through test detail seek turn open bring ground.,26
393,2025-07-07T20:00:52,login,5,Reflect consumer any story vote hair.,42
394,2025-06-23T20:15:22,privilege_escalation,5,Follow effect group media issue material town notice.,20
395,2025-07-02T04:09:38,process_start,1,Woman development degree prepare question according something behind west important after.,21
396,2025-06-13T22:45:24,login,1,Left budget page care administration care official manage he floor.,6
397,2025-07-13T07:47:07,privilege_escalation,3,Chance look despite defense enjoy still eat discussion.,5
398,2025-07-01T20:26:14,file_access,2,Data federal community away hot strategy mouth pressure customer road treatment.,41
399,2025-06-16T06:44:22,process_start,2,Behavior interest model generation glass build store so.,7
400,2025-07-03T17:07:25,process_start,5,Treat remain own street course wall reach.,43
401,2025-06-22T09:36:24,privilege_escalation,3,Drug smile carry police agent approach west see instead.,35
402,2025-07-02T17:54:38,privilege_escalation,5,Push voice front operation hundred major source certain from.,30
403,2025-07-05T19:21:23,privilege_escalation,2,Necessary sound sea employee detail in because woman car.,2
404,2025-06-25T10:24:00,process_start,1,Sense eye wait election ability ever prepare Republican.,24
405,2025-06-19T14:13:24,privilege_escalation,2,Center defense participant their everybody contain.,5
406,2025-06-13T12:58:07,process_start,1,Know physical allow daughter plan administration theory view others tree.,19
407,2025-06-13T22:08:05,privilege_escalation,3,Care particular feeling accept resource.,50
408,2025-06-17T11:32:48,login,5,Evening environment develop social technology become safe present fall weight.,37
409,2025-07-10T03:33:16,privilege_escalation,3,Book notice appear also account three bit.,6
410,2025-07-09T15:47:16,process_start,4,Together well reality and.,25
411,2025-07-11T01:39:51,privilege_escalation,3,Break cost easy west PM other deep hold require.,40
412,2025-07-09T02:19:01,process_start,1,Police home son up sure save morning.,29
413,2025-06-14T10:34:00,process_start,3,Tough recognize mouth idea war trip often happen television.,10
414,2025-07-09T02:40:42,network_connection,3,Girl TV through serious message state reason.,50
415,2025-06-29T06:33:01,network_connection,5,More service buy list painting animal last listen.,18
416,2025-06-29T23:48:30,network_connection,1,Conference view recognize form mouth cold account lead something.,23
417,2025-07-02T19:02:50,network_connection,4,Vote mission around rate social low ready he talk friend.,9
418,2025-07-01T08:51:48,process_start,3,Yard around window summer common success hear.,47
419,2025-06-27T23:39:58,file_access,2,Project home painting the pull animal page professional risk.,44
420,2025-06-15T17:33:12,process_start,2,Including family realize situation person.,21
421,2025-07-04T02:57:12,login,5,Customer body record body discussion.,9
422,2025-06-28T09:33:39,privilege_escalation,3,Bank team system democratic nation.,28
423,2025-06-28T06:29:04,login,1,Guess history movement record need eight remember serious concern.,29
424,2025-07-04T09:07:19,file_access,5,Of later economy body choose bed detail interview meeting.,18
425,2025-07-03T09:49:18,network_connection,1,Necessary whom prove it agree page customer hope program ability.,40
426,2025-07-12T15:24:55,file_access,1,Lot get serve get call dream me knowledge several spend.,25
427,2025-07-10T18:34:44,file_access,2,Technology next cover change learn ago live town husband book.,15
428,2025-07-02T20:52:00,process_start,1,Simple threat but board choose leader.,45
429,2025-06-28T12:26:56,network_connection,5,Small gun help per answer on sound here they.,49
430,2025-07-06T14:44:25,file_access,1,Get example moment stop stand often center hour by feel.,10
431,2025-07-01T20:38:40,file_access,2,Ever social measure drop old discussion.,5
432,2025-06-17T23:05:26,login,2,Evening coach cup guess health force hand leave although figure.,44
433,2025-06-17T13:08:44,network_connection,1,Once product politics lead maintain strong eye industry north.,28
434,2025-06-23T22:04:05,file_access,5,Night song mouth white onto report their kid.,45
435,2025-06-24T15:24:23,privilege_escalation,5,Walk care language available firm among four.,21
436,2025-06-18T23:39:02,network_connection,2,In south can near baby particular use heart.,11
437,2025-06-23T16:47:29,file_access,3,Family system political should art realize appear soon.,23
438,2025-07-04T21:35:56,process_start,3,May push cut individual employee hospital.,9
439,2025-07-05T20:06:06,login,1,System personal we several sign.,16
440,2025-06-30T15:15:19,process_start,1,Born race fill break eye.,24
441,2025-06-13T18:21:43,privilege_escalation,2,Adult outside story popular marriage avoid skin sea majority.,43
442,2025-06-27T00:43:01,process_start,1,Drop baby hit seem sit including fear young.,22
443,2025-07-06T02:32:33,process_start,1,Side person force through executive into opportunity heavy really site.,23
444,2025-06-14T00:04:13,login,1,Special image already lay true get TV pull.,45
445,2025-07-07T08:23:45,process_start,3,Score nearly movement off vote indeed.,50
446,2025-06-28T06:37:53,privilege_escalation,5,Try discover believe chance maintain hair back final beyond leader.,37
447,2025-07-03T06:26:19,login,3,Certainly weight break than how station early save artist.,13
448,2025-06-17T00:00:38,privilege_escalation,4,Story and change artist them make identify.,8
449,2025-07-07T16:09:18,login,2,Course same question test single hot effect.,19
450,2025-06-13T13:45:06,file_access,5,Summer interview American information perhaps series call.,49
451,2025-06-16T23:11:56,network_connection,1,Property save grow stage agreement care field each enough.,1
452,2025-06-22T23:39:17,file_access,5,Unit understand any both letter really same end.,16
453,2025-07-01T21:17:58,file_access,2,Lot language environment government threat west pay much few reduce.,19
454,2025-06-18T12:22:47,privilege_escalation,2,People scientist charge recently list head southern customer.,49
455,2025-06-14T00:52:26,login,2,Loss trouble power themselves modern model talk but leg avoid.,3
456,2025-06-28T06:37:38,privilege_escalation,3,Do home price if window.,20
457,2025-06-17T07:03:21,file_access,1,Amount that thus require quality environment capital field floor wife other.,31
458,2025-06-22T19:12:09,privilege_escalation,5,Mouth every general art like final.,43
459,2025-07-11T18:55:03,process_start,5,Wait right smile identify view main never large.,4
460,2025-07-12T19:37:58,process_start,1,None organization prepare want same cover final art wife.,39
461,2025-07-05T02:30:13,network_connection,4,Everybody simply street yard number development support.,28
462,2025-06-30T17:10:26,network_connection,5,Around push lead work time.,45
463,2025-06-15T17:35:43,login,1,Carry couple white mean city participant amount black customer trip.,18
464,2025-07-10T08:21:55,process_start,4,Reflect tell guy foot sea power image.,13
465,2025-06-23T15:32:04,network_connection,5,Lay page one let hold.,16
466,2025-07-12T01:17:13,privilege_escalation,2,Set sister learn decision kitchen technology according five.,50
467,2025-07-03T04:45:25,network_connection,1,Author safe style argue deep once operation discover political they.,1
468,2025-06-20T21:13:47,process_start,3,Fire president lawyer government far.,14
469,2025-06-30T15:32:54,privilege_escalation,5,Rise every religious major forward improve major.,1
470,2025-07-03T08:00:44,login,1,Young run not clear show.,41
471,2025-06-29T14:44:40,network_connection,2,Firm season student pick eat.,38
472,2025-06-19T07:54:07,network_connection,2,Surface general author according son different herself memory send.,16
473,2025-07-10T22:59:46,login,4,During standard should increase also loss become every fall public.,28
474,2025-06-28T10:10:57,network_connection,2,Final road then ok during effort.,48
475,2025-06-29T04:29:24,file_access,4,Available girl ago western bring take.,48
476,2025-06-29T13:04:32,login,5,Tax as local sell free body enjoy believe and.,7
477,2025-07-11T20:33:13,process_start,1,Say hard mean particular control our hot month son crime.,48
478,2025-07-08T03:16:39,file_access,5,Value car either wear local husband.,21
479,2025-07-01T04:50:14,login,4,Agent employee by process state agent support money once word everything.,43
480,2025-06-16T22:17:07,file_access,3,Not line important lose material last good coach.,23
481,2025-06-24T16:18:45,process_start,5,Me good begin smile by.,11
482,2025-07-10T21:48:38,login,1,Option first college probably behind only hope new.,18
483,2025-07-04T00:33:28,network_connection,4,Third another might wall human tonight leg.,22
484,2025-06-28T14:33:07,network_connection,3,Story back century skill much debate usually road five.,20
485,2025-07-02T02:50:36,process_start,1,Evening send wide across time bill care tend husband process street.,42
486,2025-07-07T17:03:12,privilege_escalation,3,Above charge popular human set.,1
487,2025-07-01T02:25:13,login,4,Focus star he product this go event.,8
488,2025-06-17T10:08:24,file_access,5,Back central still ever training.,42
489,2025-06-25T06:34:18,process_start,1,Already free week check entire production section.,27
490,2025-07-08T16:26:13,privilege_escalation,3,Control according group report push rest economy member option activity brother.,38
491,2025-06-22T21:34:15,file_access,1,Choice difficult protect why structure.,25
492,2025-07-10T04:26:56,network_connection,3,Suddenly certainly world free group lead open question which sit.,38
493,2025-06-23T06:31:40,login,5,President than executive thing drop.,12
494,2025-06-15T17:36:02,login,4,Clearly nearly among describe where skin foreign.,6
495,2025-06-25T19:04:04,process_start,5,Mind animal affect company around.,36
496,2025-06-25T06:01:00,file_access,4,Best message little enjoy response.,9
497,2025-06-25T09:11:18,privilege_escalation,3,Cultural spring interest approach kind.,21
498,2025-06-25T13:13:44,file_access,5,Argue space very after property last.,26
499,2025-06-14T15:32:18,privilege_escalation,1,Security where security act pick training option contain its professional spring.,31
500,2025-07-05T06:19:28,privilege_escalation,2,Under ever the why arrive those fly air attorney.,40
